{
    "dx": 0.0075,
    "dt": 1.2499999999999999e-11,
    "forcing_functions": [
        [],
        [],
        [],
        [],
        [],
        [],
        [],
        [],
        [],
        [],
        [],
        [],
        [],
        [],
        [],
        [],
        [],
        [],
        [],
        [],
        [],
        [],
        [],
        [],
        [],
        [],
        [],
        [],
        [],
        [],
        [],
        [],
        [],
        [],
        [],
        [],
        [],
        [],
        [],
        [],
        [],
        [],
        [],
        [],
        [],
        [],
        [],
        [],
        [],
        [],
        [],
        [],
        [],
        [],
        [],
        [],
        [],
        [],
        [],
        [],
        [
            0.0,
            0.9096319945153324,
            0.7557495770000459,
            -0.28173253672901255,
            -0.9898214407309635,
            -0.5406408134170863,
            0.5406407821877163,
            0.9898214544966567,
            0.28173257234771665,
            -0.7557495331736565,
            -0.909631991366046,
            -1.5633171262674868e-07,
            0.9096319605236192,
            0.7557495817936923,
            -0.28173238672982837,
            -0.9898214269652611,
            -0.5406408446464556,
            0.5406408512435827,
            0.9898214597797244,
            0.28173237920546457,
            -0.7557495869291234,
            -0.9096320563085767,
            -3.126634252534935e-07,
            0.909631994623739,
            0.7557496841691819,
            -0.2817322367306373,
            -0.9898214386474454,
            -0.5406409761610518,
            0.5406405191584717,
            0.989821515958422,
            0.28173275796559444,
            -0.7557493284226046,
            -0.9096320222084678,
            -2.3057655877868337e-07,
            0.9096320287238527,
            0.7557496304137241,
            -0.2817323154924157,
            -0.989821450329623,
            -0.540640505964214,
            0.540640588214352,
            0.9898214364153732,
            0.2817331367256804,
            -0.7557493821780908,
            -0.909632384278583,
            -6.253268505069565e-07,
            0.9096318647386132,
            0.7557495766582613,
            -0.2817319367322345,
            -0.9898213941507452,
            -0.5406408380493284,
            0.5406402561291742,
            0.989821492594135,
            0.2817326004420571,
            -0.7557497481954939,
            -0.9096321520934859,
            -6.640282582905895e-08,
            0.9096317007532319,
            0.755749835164667,
            -0.28173155797200944,
            -0.9898214736939583,
            -0.5406411701343585,
            0.5406407263261017,
            0.9898215487727425,
            0.2817320641583458,
            -0.7557494896890484,
            -0.9096323160784772,
            -4.6115311755735446e-07,
            0.9096315367677088,
            0.7557494691473202,
            -0.2817320942558038,
            -0.9898214175151446,
            -0.5406415022193044,
            0.540640394240959,
            0.9898216049511959,
            0.28173244291851224,
            -0.7557492311824852,
            -0.9096316877224393,
            -8.559034092855781e-07,
            0.9096317689535589,
            0.755749727653775,
            -0.2817326305395102,
            -0.9898214970582668,
            -0.5406418343041661,
            0.540640062155732,
            0.989821525408493,
            0.2817328216786347,
            -0.7557483481509355,
            -0.9096318517078319,
            -1.2506537010136684e-06,
            0.9096316049680947,
            0.7557499861601121,
            -0.2817322517793655,
            -0.9898214408795173,
            -0.5406405618258379,
            0.5406397300704208,
            0.9898213101430512,
            0.2817332004387133,
            -0.7557493386934713,
            -0.9096320156930827,
            2.619446400701908e-07
        ],
        [],
        [],
        [],
        [],
        [],
        [],
        [],
        [],
        [],
        [],
        [],
        [],
        [],
        [],
        [],
        [],
        [],
        [],
        [],
        [],
        [],
        [],
        [],
        [],
        [],
        [],
        [],
        [],
        [],
        [],
        [],
        [],
        [],
        [],
        [],
        [],
        [],
        [],
        []
    ],
    "ff_locations": [
        60
    ],
    "time_steps": 100,
    "space_steps": 120,
    "permeability": [
        1.25667e-06,
        1.25667e-06,
        1.25667e-06,
        1.25667e-06,
        1.25667e-06,
        1.25667e-06,
        1.25667e-06,
        1.25667e-06,
        1.25667e-06,
        1.25667e-06,
        1.25667e-06,
        1.25667e-06,
        1.25667e-06,
        1.25667e-06,
        1.25667e-06,
        1.25667e-06,
        1.25667e-06,
        1.25667e-06,
        1.25667e-06,
        1.25667e-06,
        1.25667e-06,
        1.25667e-06,
        1.25667e-06,
        1.25667e-06,
        1.25667e-06,
        1.25667e-06,
        1.25667e-06,
        1.25667e-06,
        1.25667e-06,
        1.25667e-06,
        1.25667e-06,
        1.25667e-06,
        1.25667e-06,
        1.25667e-06,
        1.25667e-06,
        1.25667e-06,
        1.25667e-06,
        1.25667e-06,
        1.25667e-06,
        1.25667e-06,
        1.25667e-06,
        1.25667e-06,
        1.25667e-06,
        1.25667e-06,
        1.25667e-06,
        1.25667e-06,
        1.25667e-06,
        1.25667e-06,
        1.25667e-06,
        1.25667e-06,
        1.25667e-06,
        1.25667e-06,
        1.25667e-06,
        1.25667e-06,
        1.25667e-06,
        1.25667e-06,
        1.25667e-06,
        1.25667e-06,
        1.25667e-06,
        1.25667e-06,
        1.25667e-06,
        1.25667e-06,
        1.25667e-06,
        1.25667e-06,
        1.25667e-06,
        1.25667e-06,
        1.25667e-06,
        1.25667e-06,
        1.25667e-06,
        1.25667e-06,
        1.25667e-06,
        1.25667e-06,
        1.25667e-06,
        1.25667e-06,
        1.25667e-06,
        1.25667e-06,
        1.25667e-06,
        1.25667e-06,
        1.25667e-06,
        1.25667e-06,
        1.25667e-06,
        1.25667e-06,
        1.25667e-06,
        1.25667e-06,
        1.25667e-06,
        1.25667e-06,
        1.25667e-06,
        1.25667e-06,
        1.25667e-06,
        1.25667e-06,
        1.25667e-06,
        1.25667e-06,
        1.25667e-06,
        1.25667e-06,
        1.25667e-06,
        1.25667e-06,
        1.25667e-06,
        1.25667e-06,
        1.25667e-06,
        1.25667e-06,
        1.25667e-06,
        1.25667e-06,
        1.25667e-06,
        1.25667e-06,
        1.25667e-06,
        1.25667e-06,
        1.25667e-06,
        1.25667e-06,
        1.25667e-06,
        1.25667e-06,
        1.25667e-06,
        1.25667e-06,
        1.25667e-06,
        1.25667e-06,
        1.25667e-06,
        1.25667e-06,
        1.25667e-06,
        1.25667e-06,
        1.25667e-06,
        1.25667e-06
    ],